ID,City,Country,Date and Time (local time),Lat,Long,Max temp °C,Humidity %,Cloudiness %,Wind m/s,Sunrise Time (local time),Sunset Time (local time)
0,Zaouïat Cheikh,"MA, Morocco.",2023-09-03 09:19:14,32.6442,-5.9166,16.640000000000043,72,100,0.73,2023-09-03 06:59:37,2023-09-03 19:47:09
1,Kerrouchen,"MA, Morocco.",2023-09-03 09:19:16,32.8001,-5.322,14.850000000000023,65,100,0.45,2023-09-03 06:57:07,2023-09-03 19:44:54
2,Zagora,"MA, Morocco.",2023-09-03 09:19:19,30.328,-5.8371,24.400000000000034,36,97,4.01,2023-09-03 07:01:07,2023-09-03 19:45:01
3,El Marsa,"EH, Morocco.",2023-09-03 09:19:22,27.093,-13.4092,22.390000000000043,100,75,2.57,2023-09-03 07:33:49,2023-09-03 20:12:53
4,Tendrara,"MA, Morocco.",2023-09-03 09:19:24,33.0494,-2.0001,17.210000000000036,73,100,2.95,2023-09-03 06:43:37,2023-09-03 19:31:50
5,Arbaoua,"MA, Morocco.",2023-09-03 09:19:27,34.9082,-5.9375,21.03000000000003,68,61,3.23,2023-09-03 06:57:49,2023-09-03 19:49:07
6,Lqliaa,"MA, Morocco.",2023-09-03 09:19:29,30.2987,-9.462,20.110000000000014,94,40,0.0,2023-09-03 07:15:39,2023-09-03 19:59:29
7,El Hajeb,"MA, Morocco.",2023-09-03 09:19:32,33.6902,-5.3719,16.29000000000002,53,96,2.53,2023-09-03 06:56:35,2023-09-03 19:45:50
8,Tabounte,"MA, Morocco.",2023-09-03 09:19:35,30.8965,-6.9073,22.03000000000003,26,40,5.14,2023-09-03 07:04:58,2023-09-03 19:49:44
9,Aourir,"MA, Morocco.",2023-09-03 09:19:38,30.4981,-9.6711,20.370000000000005,73,97,3.59,2023-09-03 07:16:20,2023-09-03 20:00:28
10,Boumia,"MA, Morocco.",2023-09-03 09:19:40,32.7253,-5.1018,14.25,61,100,1.2,2023-09-03 06:56:18,2023-09-03 19:43:58
11,Boumalne Dadès,"MA, Morocco.",2023-09-03 09:19:43,31.3727,-5.9866,18.470000000000027,47,100,4.64,2023-09-03 07:00:55,2023-09-03 19:46:25
12,Laakarta,"MA, Morocco.",2023-09-03 09:19:45,32.6721,-9.0975,20.24000000000001,73,60,3.7,2023-09-03 07:12:20,2023-09-03 19:59:53
13,El Mansouria,"MA, Morocco.",2023-09-03 09:19:48,33.7404,-7.2922,21.060000000000002,88,40,4.12,2023-09-03 07:04:14,2023-09-03 19:53:33
14,Oued Zem,"MA, Morocco.",2023-09-03 09:19:51,32.8625,-6.5711,17.390000000000043,75,100,2.85,2023-09-03 07:02:04,2023-09-03 19:49:57
15,Sabaa Aiyoun,"MA, Morocco.",2023-09-03 09:19:53,33.9031,-5.3769,18.910000000000025,82,75,1.03,2023-09-03 06:56:26,2023-09-03 19:46:02
16,Sidi Ahmed,"MA, Morocco.",2023-09-03 09:19:56,32.2119,-8.494,18.5,68,32,3.45,2023-09-03 07:10:17,2023-09-03 19:57:06
17,Ahfir,"MA, Morocco.",2023-09-03 09:19:58,34.9553,-2.1008,20.340000000000032,90,100,1.4,2023-09-03 06:42:26,2023-09-03 19:33:49
18,Souk El Arbaâ,"MA, Morocco.",2023-09-03 09:20:01,34.68,-5.9951,21.29000000000002,70,64,3.66,2023-09-03 06:58:15,2023-09-03 19:49:09
19,Kénitra,"MA, Morocco.",2023-09-03 09:20:04,34.2646,-6.5702,20.450000000000045,68,63,4.5,2023-09-03 07:00:54,2023-09-03 19:51:06
20,Missour,"MA, Morocco.",2023-09-03 09:20:06,33.0471,-3.9926,18.25,68,100,0.89,2023-09-03 06:51:36,2023-09-03 19:39:47
21,Selouane,"MA, Morocco.",2023-09-03 09:20:09,35.0728,-2.9417,20.720000000000027,88,75,3.09,2023-09-03 06:45:42,2023-09-03 19:37:17
22,Sidi Slimane Echcharraa,"MA, Morocco.",2023-09-03 09:20:12,34.9091,-2.3496,20.900000000000034,91,100,1.14,2023-09-03 06:43:28,2023-09-03 19:34:47
23,Zaïda,"MA, Morocco.",2023-09-03 09:20:14,32.8193,-4.9602,14.600000000000023,61,100,1.26,2023-09-03 06:55:39,2023-09-03 19:43:28
24,Madagh,"MA, Morocco.",2023-09-03 09:20:17,35.0087,-2.3362,21.470000000000027,91,100,0.98,2023-09-03 06:43:20,2023-09-03 19:34:49
25,Tarfaya,"MA, Morocco.",2023-09-03 09:20:20,27.9401,-12.925,21.75,80,100,4.43,2023-09-03 07:31:16,2023-09-03 20:11:34
26,Oued Heïmer,"MA, Morocco.",2023-09-03 09:20:23,34.4542,-1.8987,15.660000000000025,89,100,1.94,2023-09-03 06:42:03,2023-09-03 19:32:35
27,Sidi Bou Othmane,"MA, Morocco.",2023-09-03 09:20:26,31.9017,-7.9415,17.660000000000025,65,100,3.38,2023-09-03 07:08:19,2023-09-03 19:54:39
28,Tighza,"MA, Morocco.",2023-09-03 09:20:29,33.1868,-5.6225,16.310000000000002,65,99,2.24,2023-09-03 06:58:00,2023-09-03 19:46:25
29,Smimou,"MA, Morocco.",2023-09-03 09:20:31,31.2097,-9.7037,20.04000000000002,76,18,1.26,2023-09-03 07:15:55,2023-09-03 20:01:09
30,Bouizakarne,"MA, Morocco.",2023-09-03 09:20:34,29.1774,-9.7114,18.010000000000048,74,100,7.83,2023-09-03 07:17:30,2023-09-03 19:59:38
31,Aklim,"MA, Morocco.",2023-09-03 09:20:37,34.8867,-2.5186,19.410000000000025,91,100,1.02,2023-09-03 06:44:10,2023-09-03 19:35:26
32,Tissa,"MA, Morocco.",2023-09-03 09:20:43,34.2866,-4.6656,21.470000000000027,59,91,1.72,2023-09-03 06:53:16,2023-09-03 19:43:30
33,Lahraouyine,"MA, Morocco.",2023-09-03 09:20:47,33.5408,-7.5242,20.439999999999998,83,40,1.03,2023-09-03 07:05:19,2023-09-03 19:54:18
34,Laattaouia,"MA, Morocco.",2023-09-03 09:20:50,31.8359,-7.3134,18.100000000000023,78,100,2.74,2023-09-03 07:05:51,2023-09-03 19:52:05
35,Ouaouizeght,"MA, Morocco.",2023-09-03 09:20:53,32.1597,-6.359,15.510000000000048,73,100,1.54,2023-09-03 07:01:47,2023-09-03 19:48:32
36,Foum Zguid,"MA, Morocco.",2023-09-03 09:20:55,30.0859,-6.8749,22.930000000000007,40,100,1.83,2023-09-03 07:05:28,2023-09-03 19:48:59
37,Moulay Bousselham,"MA, Morocco.",2023-09-03 09:20:58,34.878,-6.2941,21.02000000000004,75,23,4.44,2023-09-03 06:59:17,2023-09-03 19:50:31
38,Amizmiz,"MA, Morocco.",2023-09-03 09:21:00,31.2171,-8.2333,14.670000000000016,84,100,2.42,2023-09-03 07:10:02,2023-09-03 19:55:17
39,Loualidia,"MA, Morocco.",2023-09-03 09:21:03,32.7314,-9.034,20.390000000000043,73,71,4.01,2023-09-03 07:12:02,2023-09-03 19:59:41
40,Moulay Brahim,"MA, Morocco.",2023-09-03 09:21:05,31.2858,-7.9655,13.050000000000011,80,100,1.71,2023-09-03 07:08:54,2023-09-03 19:54:16
41,Bzou,"MA, Morocco.",2023-09-03 09:21:08,32.0935,-7.0507,18.910000000000025,79,100,2.65,2023-09-03 07:04:36,2023-09-03 19:51:14
42,El Gara,"MA, Morocco.",2023-09-03 09:21:10,33.2771,-7.2332,19.02000000000004,67,61,3.41,2023-09-03 07:04:23,2023-09-03 19:52:56
43,Kalaat M'Gouna,"MA, Morocco.",2023-09-03 09:21:13,31.2377,-6.1293,19.970000000000027,42,91,6.2,2023-09-03 07:01:35,2023-09-03 19:46:53
44,Tafetachte,"MA, Morocco.",2023-09-03 09:21:16,31.6241,-9.2935,18.79000000000002,73,50,2.28,2023-09-03 07:13:57,2023-09-03 19:59:50
45,Aïn Harrouda,"MA, Morocco.",2023-09-03 09:21:35,33.6354,-7.4514,21.04000000000002,65,8,4.03,2023-09-03 07:04:57,2023-09-03 19:54:06
46,Ghafsaï,"MA, Morocco.",2023-09-03 09:21:38,34.628,-4.9109,22.129999999999995,52,83,1.3,2023-09-03 06:53:57,2023-09-03 19:44:46
47,Zrarda,"MA, Morocco.",2023-09-03 09:21:40,33.9742,-4.3782,18.650000000000034,67,93,0.52,2023-09-03 06:52:22,2023-09-03 19:42:06
48,Debdou,"MA, Morocco.",2023-09-03 09:21:43,33.9864,-3.0397,15.220000000000027,91,100,1.68,2023-09-03 06:47:00,2023-09-03 19:36:45
49,Imouzzer Kandar,"MA, Morocco.",2023-09-03 09:21:45,33.7334,-5.0105,14.0,55,100,1.81,2023-09-03 06:55:06,2023-09-03 19:44:25
50,Boujniba,"MA, Morocco.",2023-09-03 09:21:48,32.898,-6.7769,16.110000000000014,78,100,3.25,2023-09-03 07:02:52,2023-09-03 19:50:48
51,Ain Cheggag,"MA, Morocco.",2023-09-03 09:21:50,33.8874,-5.0369,18.600000000000023,82,40,3.6,2023-09-03 06:55:05,2023-09-03 19:44:39
52,Tata,"MA, Morocco.",2023-09-03 09:21:54,29.7464,-7.9696,21.930000000000007,48,83,3.98,2023-09-03 07:10:06,2023-09-03 19:53:06
53,Bouguedra,"MA, Morocco.",2023-09-03 09:21:56,32.2542,-8.9828,20.200000000000045,69,9,3.31,2023-09-03 07:12:12,2023-09-03 19:59:05
54,Tahannaout,"MA, Morocco.",2023-09-03 09:21:59,31.3673,-7.9448,15.220000000000027,78,100,2.4,2023-09-03 07:08:45,2023-09-03 19:54:14
55,Ksar El Kébir,"MA, Morocco.",2023-09-03 09:22:03,34.9992,-5.8987,21.960000000000036,68,64,2.83,2023-09-03 06:57:35,2023-09-03 19:49:02
56,Jerada,"MA, Morocco.",2023-09-03 09:22:06,34.3105,-2.16,15.400000000000034,90,100,3.15,2023-09-03 06:43:13,2023-09-03 19:33:31
57,Boulemane,"MA, Morocco.",2023-09-03 09:22:08,33.3638,-4.7296,12.980000000000018,65,99,0.34,2023-09-03 06:54:17,2023-09-03 19:43:00
58,Imouzzer Marmoucha,"MA, Morocco.",2023-09-03 09:22:11,33.47,-4.2949,13.610000000000014,76,100,1.17,2023-09-03 06:52:28,2023-09-03 19:41:21
59,Sidi Allal Tazi,"MA, Morocco.",2023-09-03 09:22:13,34.5219,-6.3237,21.400000000000034,73,52,3.87,2023-09-03 06:59:42,2023-09-03 19:50:20
60,Kariat Arekmane,"MA, Morocco.",2023-09-03 09:22:16,35.1032,-2.739,21.220000000000027,88,100,2.01,2023-09-03 06:44:51,2023-09-03 19:36:30
61,Aoulouz,"MA, Morocco.",2023-09-03 09:22:19,30.6733,-8.1807,17.52000000000004,85,100,1.37,2023-09-03 07:10:14,2023-09-03 19:54:39
62,Aït Ishaq,"MA, Morocco.",2023-09-03 09:22:22,31.4314,-6.0124,17.82000000000005,47,100,3.98,2023-09-03 07:00:58,2023-09-03 19:46:34
63,Casablanca,"MA, Morocco.",2023-09-03 09:19:46,33.5951,-7.6188,21.140000000000043,82,40,1.03,2023-09-03 07:05:39,2023-09-03 19:54:44
64,Matmata,"MA, Morocco.",2023-09-03 09:22:28,34.0984,-4.5509,20.75,63,93,1.16,2023-09-03 06:52:58,2023-09-03 19:42:53
65,Sidi Jaber,"MA, Morocco.",2023-09-03 09:22:30,32.372,-6.4557,18.27000000000004,77,40,3.6,2023-09-03 07:02:00,2023-09-03 19:49:05
66,El Aïoun Sidi Mellouk,"MA, Morocco.",2023-09-03 09:22:33,34.5783,-2.503,17.480000000000018,89,100,1.33,2023-09-03 06:44:22,2023-09-03 19:35:06
67,Sidi Slimane,"MA, Morocco.",2023-09-03 09:22:35,34.2599,-5.9273,21.310000000000002,71,75,3.99,2023-09-03 06:58:20,2023-09-03 19:48:31
68,Safi,"MA, Morocco.",2023-09-03 09:22:38,32.2651,-9.2306,20.30000000000001,75,31,3.54,2023-09-03 07:13:11,2023-09-03 20:00:05
69,Afourar,"MA, Morocco.",2023-09-03 09:22:40,32.2095,-6.5359,17.970000000000027,78,100,2.3,2023-09-03 07:02:27,2023-09-03 19:49:17
70,M'Haya,"MA, Morocco.",2023-09-03 09:22:43,33.9769,-5.2499,20.170000000000016,58,96,0.37,2023-09-03 06:55:52,2023-09-03 19:45:35
71,Tounfite,"MA, Morocco.",2023-09-03 09:22:45,32.4723,-5.2439,11.82000000000005,67,100,1.95,2023-09-03 06:57:04,2023-09-03 19:44:19
72,Mehdya,"MA, Morocco.",2023-09-03 09:22:50,34.2559,-6.6548,20.27000000000004,68,73,5.02,2023-09-03 07:01:15,2023-09-03 19:51:26
73,Ighoud,"MA, Morocco.",2023-09-03 09:22:53,31.8592,-8.8812,18.83000000000004,70,58,2.87,2023-09-03 07:12:07,2023-09-03 19:58:22
74,Oulad Tayeb,"MA, Morocco.",2023-09-03 09:22:56,33.9598,-4.9956,19.390000000000043,82,40,3.6,2023-09-03 06:54:51,2023-09-03 19:44:33
75,Oulad Amrane,"MA, Morocco.",2023-09-03 09:22:58,32.3708,-8.5387,19.370000000000005,68,21,3.26,2023-09-03 07:10:20,2023-09-03 19:57:25
76,Taroudant,"MA, Morocco.",2023-09-03 09:23:01,30.4707,-8.8779,20.200000000000045,80,100,4.25,2023-09-03 07:13:11,2023-09-03 19:57:16
77,El Borouj,"MA, Morocco.",2023-09-03 09:23:05,32.505,-7.1927,19.220000000000027,68,100,3.47,2023-09-03 07:04:50,2023-09-03 19:52:08
78,Beni Mellal,"MA, Morocco.",2023-09-03 09:23:08,32.3342,-6.3533,17.79000000000002,77,40,3.6,2023-09-03 07:01:37,2023-09-03 19:48:39
79,Farkhana,"ES, Morocco.",2023-09-03 09:23:12,35.2861,-2.9809,20.900000000000034,94,75,3.09,2023-09-03 06:45:40,2023-09-03 19:37:37
80,Sebt Gzoula,"MA, Morocco.",2023-09-03 09:23:14,32.1055,-9.0838,19.480000000000018,71,13,2.91,2023-09-03 07:12:44,2023-09-03 19:59:23
81,Taznakht,"MA, Morocco.",2023-09-03 09:23:20,30.5773,-7.2048,20.29000000000002,46,84,2.89,2023-09-03 07:06:24,2023-09-03 19:50:40
82,Inezgane,"MA, Morocco.",2023-09-03 09:23:23,30.3563,-9.5459,20.360000000000014,94,40,0.0,2023-09-03 07:15:57,2023-09-03 19:59:51
83,Oulad Abbou,"MA, Morocco.",2023-09-03 09:23:26,33.1136,-7.9339,19.83000000000004,67,56,3.57,2023-09-03 07:07:19,2023-09-03 19:55:36
84,Nador,"MA, Morocco.",2023-09-03 09:23:29,35.174,-2.9281,21.140000000000043,94,75,3.09,2023-09-03 06:45:33,2023-09-03 19:37:19
85,Karia,"MA, Morocco.",2023-09-03 09:23:31,35.4687,-5.797,22.52000000000004,75,36,2.03,2023-09-03 06:56:47,2023-09-03 19:49:02
86,Targuist,"MA, Morocco.",2023-09-03 09:23:34,34.9399,-4.3205,16.99000000000001,60,95,1.32,2023-09-03 06:51:20,2023-09-03 19:42:41
87,Oulad Ghadbane,"MA, Morocco.",2023-09-03 09:23:39,33.1747,-8.6074,20.390000000000043,73,36,3.92,2023-09-03 07:09:58,2023-09-03 19:58:20
88,Souk Sebt Oulad Nemma,"MA, Morocco.",2023-09-03 09:23:43,32.2948,-6.7007,18.58000000000004,77,100,3.52,2023-09-03 07:03:02,2023-09-03 19:50:00
89,Settat,"MA, Morocco.",2023-09-03 09:23:45,33.0024,-7.6199,18.920000000000016,66,58,3.8,2023-09-03 07:06:09,2023-09-03 19:54:15
90,Touissit,"MA, Morocco.",2023-09-03 09:23:48,34.4791,-1.7685,14.650000000000034,85,100,1.3,2023-09-03 06:41:30,2023-09-03 19:32:05
91,Aïn Leuh,"MA, Morocco.",2023-09-03 09:24:06,33.2921,-5.3384,14.629999999999995,62,99,1.97,2023-09-03 06:56:47,2023-09-03 19:45:22
92,Guelmim,"MA, Morocco.",2023-09-03 09:24:08,28.9864,-10.0574,20.189999999999998,77,40,4.12,2023-09-03 07:19:01,2023-09-03 20:00:52
93,Sid L'Mokhtar,"MA, Morocco.",2023-09-03 09:24:11,31.5901,-9.0413,18.430000000000007,73,67,2.73,2023-09-03 07:12:58,2023-09-03 19:58:48
94,Meknès,"MA, Morocco.",2023-09-03 09:24:13,33.8979,-5.532,18.150000000000034,82,75,1.03,2023-09-03 06:57:03,2023-09-03 19:46:38
95,Salé,"MA, Morocco.",2023-09-03 09:24:17,34.0449,-6.814,20.340000000000032,100,40,5.66,2023-09-03 07:02:04,2023-09-03 19:51:53
96,Assahrij,"MA, Morocco.",2023-09-03 09:24:19,31.7896,-7.1518,17.82000000000005,82,100,2.56,2023-09-03 07:05:15,2023-09-03 19:51:24
97,Fnideq,"MA, Morocco.",2023-09-03 09:24:24,35.8392,-5.3614,22.730000000000018,82,95,6.41,2023-09-03 06:54:43,2023-09-03 19:47:37
98,Demnate,"MA, Morocco.",2023-09-03 09:24:26,31.7322,-7.0027,16.370000000000005,85,100,2.26,2023-09-03 07:04:42,2023-09-03 19:50:46
99,Gueznaïa,"MA, Morocco.",2023-09-03 09:24:29,35.7034,-5.8873,18.79000000000002,100,75,4.12,2023-09-03 06:56:56,2023-09-03 19:49:36
100,Arfoud,"MA, Morocco.",2023-09-03 09:24:32,31.4324,-4.2343,23.24000000000001,42,100,7.26,2023-09-03 06:53:51,2023-09-03 19:39:28
101,Irherm,"MA, Morocco.",2023-09-03 09:24:35,30.089,-8.4609,11.770000000000039,76,95,4.77,2023-09-03 07:11:48,2023-09-03 19:55:19
102,Oulad Berhil,"MA, Morocco.",2023-09-03 09:24:37,30.6364,-8.4776,18.870000000000005,83,100,1.98,2023-09-03 07:11:27,2023-09-03 19:55:48
103,Ben Guerir,"MA, Morocco.",2023-09-03 09:24:40,32.2398,-7.9479,18.5,66,91,4.01,2023-09-03 07:08:05,2023-09-03 19:54:57
104,Skhirate,"MA, Morocco.",2023-09-03 09:24:43,33.8507,-7.028,20.77000000000004,67,48,4.62,2023-09-03 07:03:05,2023-09-03 19:52:35
105,Bouarfa,"MA, Morocco.",2023-09-03 09:24:45,32.5329,-1.9632,20.680000000000007,60,100,2.78,2023-09-03 06:43:53,2023-09-03 19:31:16
106,Sidi Abdallah Ghiat,"MA, Morocco.",2023-09-03 09:24:48,31.5106,-7.8671,17.210000000000036,88,75,3.09,2023-09-03 07:08:20,2023-09-03 19:54:03
107,Ajdir,"MA, Morocco.",2023-09-03 09:24:51,34.7697,-3.9286,15.450000000000045,75,100,1.28,2023-09-03 06:49:54,2023-09-03 19:40:58
108,Oulad Ayad,"MA, Morocco.",2023-09-03 09:24:53,32.2032,-6.7989,18.420000000000016,78,100,3.19,2023-09-03 07:03:30,2023-09-03 19:50:19
109,Taliouine,"MA, Morocco.",2023-09-03 09:24:56,30.5315,-7.9215,15.129999999999995,85,100,2.8,2023-09-03 07:09:19,2023-09-03 19:53:30
110,Bouhdila,"MA, Morocco.",2023-09-03 09:24:59,34.9314,-2.3437,21.08000000000004,91,100,1.09,2023-09-03 06:43:25,2023-09-03 19:34:46
111,Had Bouhssoussen,"MA, Morocco.",2023-09-03 09:25:01,33.1479,-6.0779,17.430000000000007,72,96,2.26,2023-09-03 06:59:51,2023-09-03 19:48:12
112,Khémisset,"MA, Morocco.",2023-09-03 09:25:04,33.8303,-6.0726,18.200000000000045,75,89,2.6,2023-09-03 06:59:16,2023-09-03 19:48:45
113,Hattane,"MA, Morocco.",2023-09-03 09:25:07,32.8406,-6.8046,16.640000000000043,77,100,3.4,2023-09-03 07:03:01,2023-09-03 19:50:51
114,Fam El Hisn,"MA, Morocco.",2023-09-03 09:25:10,29.0136,-8.8868,21.689999999999998,49,100,10.7,2023-09-03 07:14:19,2023-09-03 19:56:13
115,Alnif,"MA, Morocco.",2023-09-03 09:25:12,31.1163,-5.1669,22.660000000000025,44,100,5.35,2023-09-03 06:57:50,2023-09-03 19:42:57
116,Ben Taïeb,"MA, Morocco.",2023-09-03 09:25:18,35.0454,-3.455,20.370000000000005,80,100,0.85,2023-09-03 06:47:46,2023-09-03 19:39:19
117,Zag,"MA, Morocco.",2023-09-03 09:25:21,28.022,-9.2946,19.420000000000016,76,73,10.29,2023-09-03 07:16:41,2023-09-03 19:57:07
118,Boudnib,"MA, Morocco.",2023-09-03 09:25:24,31.9517,-3.608,20.970000000000027,48,100,5.61,2023-09-03 06:50:56,2023-09-03 19:37:22
119,Laâounate,"MA, Morocco.",2023-09-03 09:25:28,32.6845,-8.1818,19.610000000000014,66,24,3.79,2023-09-03 07:08:39,2023-09-03 19:56:14
120,Sidi Allal El Bahraoui,"MA, Morocco.",2023-09-03 09:25:30,34.0107,-6.5324,19.360000000000014,75,64,3.11,2023-09-03 07:00:58,2023-09-03 19:50:44
121,Tinghir,"MA, Morocco.",2023-09-03 09:25:33,31.5213,-5.5312,20.189999999999998,47,100,2.65,2023-09-03 06:58:58,2023-09-03 19:44:43
122,Goulmima,"MA, Morocco.",2023-09-03 09:25:36,31.6926,-4.9533,22.150000000000034,40,100,2.0,2023-09-03 06:56:32,2023-09-03 19:42:32
123,Sidi Bouknadel,"MA, Morocco.",2023-09-03 09:25:39,34.1239,-6.733,20.310000000000002,100,40,5.66,2023-09-03 07:01:40,2023-09-03 19:51:38
124,Sidi Ifni,"MA, Morocco.",2023-09-03 09:25:42,29.3791,-10.1716,21.860000000000014,82,100,4.35,2023-09-03 07:19:11,2023-09-03 20:01:37
125,Aïn Dorij,"MA, Morocco.",2023-09-03 09:25:44,34.6147,-5.2887,22.590000000000032,61,96,1.33,2023-09-03 06:55:29,2023-09-03 19:46:16
126,Tiztoutine,"MA, Morocco.",2023-09-03 09:25:47,34.9726,-3.1559,19.99000000000001,88,75,3.09,2023-09-03 06:46:38,2023-09-03 19:38:03
127,Oulad Zbaïr,"MA, Morocco.",2023-09-03 09:25:51,34.2894,-4.3199,20.590000000000032,61,96,2.89,2023-09-03 06:51:53,2023-09-03 19:42:07
128,Khouribga,"MA, Morocco.",2023-09-03 09:21:59,32.8855,-6.9092,16.24000000000001,78,100,3.31,2023-09-03 07:03:24,2023-09-03 19:51:19
129,Aïn Karma,"MA, Morocco.",2023-09-03 09:25:57,34.0086,-5.617,19.970000000000027,82,75,1.03,2023-09-03 06:57:18,2023-09-03 19:47:04
130,Zeghanghane,"MA, Morocco.",2023-09-03 09:26:00,35.155,-3.0045,20.620000000000005,94,75,3.09,2023-09-03 06:45:53,2023-09-03 19:37:36
131,Soualem,"MA, Morocco.",2023-09-03 09:26:02,33.4223,-7.8534,20.460000000000036,67,22,3.78,2023-09-03 07:06:44,2023-09-03 19:55:31
132,Rabat,"MA, Morocco.",2023-09-03 09:26:05,34.0224,-6.8345,20.33000000000004,100,40,5.66,2023-09-03 07:02:10,2023-09-03 19:51:57
133,Dar Chaoui,"MA, Morocco.",2023-09-03 09:26:08,35.5326,-5.7192,22.450000000000045,74,30,1.63,2023-09-03 06:56:25,2023-09-03 19:48:47
134,Zaïo,"MA, Morocco.",2023-09-03 09:26:11,34.9419,-2.7342,19.99000000000001,87,100,1.1,2023-09-03 06:44:59,2023-09-03 19:36:21
135,Tahla,"MA, Morocco.",2023-09-03 09:26:13,34.0506,-4.4224,20.02000000000004,65,93,0.93,2023-09-03 06:52:29,2023-09-03 19:42:20
136,Taourirt,"MA, Morocco.",2023-09-03 09:26:16,34.4134,-2.8938,19.460000000000036,78,100,2.36,2023-09-03 06:46:04,2023-09-03 19:36:32
137,Issaguen,"MA, Morocco.",2023-09-03 09:26:21,34.9168,-4.5697,14.910000000000025,51,89,0.84,2023-09-03 06:52:21,2023-09-03 19:43:39
138,Chichaoua,"MA, Morocco.",2023-09-03 09:26:24,31.5469,-8.7595,18.730000000000018,74,55,3.11,2023-09-03 07:11:52,2023-09-03 19:57:38
139,Ifrane,"MA, Morocco.",2023-09-03 09:26:27,33.5276,-5.1074,12.07000000000005,61,96,1.83,2023-09-03 06:55:40,2023-09-03 19:44:38
140,Fès,"MA, Morocco.",2023-09-03 09:26:45,34.0347,-5.0162,20.08000000000004,82,40,3.6,2023-09-03 06:54:53,2023-09-03 19:44:42
141,Bni Hadifa,"MA, Morocco.",2023-09-03 09:26:47,35.0221,-4.1391,17.439999999999998,66,99,2.11,2023-09-03 06:50:32,2023-09-03 19:42:01
142,Tizi Ouasli,"MA, Morocco.",2023-09-03 09:26:51,34.7449,-3.7318,13.160000000000025,89,100,1.03,2023-09-03 06:49:08,2023-09-03 19:40:10
143,Ben Slimane,"MA, Morocco.",2023-09-03 09:26:56,33.6169,-7.123,19.439999999999998,88,40,4.12,2023-09-03 07:03:39,2023-09-03 19:52:46
144,Outat El Haj,"MA, Morocco.",2023-09-03 09:26:59,33.3374,-3.6964,18.80000000000001,62,100,1.84,2023-09-03 06:50:10,2023-09-03 19:38:51
145,Ben Yakhlef,"MA, Morocco.",2023-09-03 09:27:03,34.8995,-2.2876,20.060000000000002,91,100,1.28,2023-09-03 06:43:14,2023-09-03 19:34:31
146,Foum Jamaa,"MA, Morocco.",2023-09-03 09:27:06,31.9616,-6.9841,16.32000000000005,84,100,2.27,2023-09-03 07:04:26,2023-09-03 19:50:52
147,Oum El Guerdane,"MA, Morocco.",2023-09-03 09:27:09,29.402,-7.7729,25.03000000000003,38,100,3.87,2023-09-03 07:09:34,2023-09-03 19:52:03
148,Berrechid,"MA, Morocco.",2023-09-03 09:27:12,33.2677,-7.5811,19.840000000000032,94,40,5.14,2023-09-03 07:05:47,2023-09-03 19:54:19
149,Azrou,"MA, Morocco.",2023-09-03 09:27:14,33.4361,-5.2219,15.710000000000036,62,96,2.06,2023-09-03 06:56:12,2023-09-03 19:45:01
150,El Kelaa des Sraghna,"MA, Morocco.",2023-09-03 09:27:19,32.0543,-7.4068,18.970000000000027,73,100,2.72,2023-09-03 07:06:03,2023-09-03 19:52:38
151,Zemamra,"MA, Morocco.",2023-09-03 09:27:21,32.6162,-8.7044,19.850000000000023,69,24,3.4,2023-09-03 07:10:48,2023-09-03 19:58:16
152,Moulay Abdallah,"MA, Morocco.",2023-09-03 09:27:26,33.149,-8.5487,20.27000000000004,72,44,3.95,2023-09-03 07:09:45,2023-09-03 19:58:05
153,Médiouna,"MA, Morocco.",2023-09-03 09:27:28,33.4563,-7.5194,20.110000000000014,87,40,5.14,2023-09-03 07:05:22,2023-09-03 19:54:13
154,Youssoufia,"MA, Morocco.",2023-09-03 09:27:32,32.2458,-8.5324,19.03000000000003,68,22,3.36,2023-09-03 07:10:25,2023-09-03 19:57:17
155,Taïnaste,"MA, Morocco.",2023-09-03 09:27:36,34.5709,-4.1573,14.390000000000043,65,94,1.8,2023-09-03 06:50:59,2023-09-03 19:41:43
156,Ounagha,"MA, Morocco.",2023-09-03 09:27:43,31.5331,-9.5486,20.33000000000004,78,40,1.03,2023-09-03 07:15:02,2023-09-03 20:00:47
157,Agadir,"MA, Morocco.",2023-09-03 09:27:47,30.4211,-9.5831,20.05000000000001,94,40,0.0,2023-09-03 07:16:03,2023-09-03 20:00:03
158,Laayoune,"EH, Morocco.",2023-09-03 09:27:02,27.1545,-13.1954,22.0,100,75,2.57,2023-09-03 07:32:55,2023-09-03 20:12:05
159,Kasba Tadla,"MA, Morocco.",2023-09-03 09:27:54,32.6029,-6.2697,17.939999999999998,72,100,2.65,2023-09-03 07:01:04,2023-09-03 19:48:32
160,Assa,"MA, Morocco.",2023-09-03 09:27:56,28.6114,-9.4367,20.57000000000005,68,100,8.75,2023-09-03 07:16:49,2023-09-03 19:58:07
161,Dakhla,"EH, Morocco.",2023-09-03 09:27:02,23.6941,-15.9431,22.010000000000048,88,0,6.17,2023-09-03 07:46:18,2023-09-03 20:20:40
162,Tighassaline,"MA, Morocco.",2023-09-03 09:28:02,32.7831,-5.6528,16.82000000000005,69,100,0.84,2023-09-03 06:58:27,2023-09-03 19:46:12
163,Lakhsas,"MA, Morocco.",2023-09-03 09:28:05,29.3561,-9.7553,16.05000000000001,79,100,6.18,2023-09-03 07:17:32,2023-09-03 19:59:56
164,Aït Baha,"MA, Morocco.",2023-09-03 09:28:09,31.4777,-5.4194,20.950000000000045,45,100,2.67,2023-09-03 06:58:34,2023-09-03 19:44:14
165,Ras El Ma,"MA, Morocco.",2023-09-03 09:28:11,35.1373,-2.4228,21.410000000000025,90,100,2.03,2023-09-03 06:43:34,2023-09-03 19:35:16
166,Nouaceur,"MA, Morocco.",2023-09-03 09:28:16,33.3795,-7.6189,20.010000000000048,90,40,5.14,2023-09-03 07:05:50,2023-09-03 19:54:33
167,Oued Amlil,"MA, Morocco.",2023-09-03 09:28:18,34.1916,-4.2676,21.480000000000018,64,99,2.7,2023-09-03 06:51:45,2023-09-03 19:41:50
168,Had Oued Ifrane,"MA, Morocco.",2023-09-03 09:28:22,33.1242,-5.2662,13.57000000000005,66,100,0.84,2023-09-03 06:56:38,2023-09-03 19:44:56
169,Rommani,"MA, Morocco.",2023-09-03 09:28:24,33.5286,-6.6044,19.150000000000034,77,88,2.51,2023-09-03 07:01:39,2023-09-03 19:50:37
170,Bouznika,"MA, Morocco.",2023-09-03 09:28:27,33.781,-7.161,20.79000000000002,88,40,4.12,2023-09-03 07:03:40,2023-09-03 19:53:03
171,Al Hoceïma,"MA, Morocco.",2023-09-03 09:28:29,35.2451,-3.9302,22.710000000000036,60,75,2.57,2023-09-03 06:49:30,2023-09-03 19:41:23
172,Essaouira,"MA, Morocco.",2023-09-03 09:28:33,31.5118,-9.7621,21.75,78,40,1.03,2023-09-03 07:15:55,2023-09-03 20:01:37
173,Ben Ahmed,"MA, Morocco.",2023-09-03 09:28:35,33.0681,-7.2324,17.220000000000027,72,91,3.31,2023-09-03 07:04:33,2023-09-03 19:52:45
174,Maaziz,"MA, Morocco.",2023-09-03 09:28:38,33.6681,-6.3207,19.470000000000027,78,100,1.88,2023-09-03 07:00:24,2023-09-03 19:49:36
175,Bab Taza,"MA, Morocco.",2023-09-03 09:28:41,35.0887,-5.2001,17.900000000000034,60,98,1.68,2023-09-03 06:54:43,2023-09-03 19:46:19
176,Naïma,"MA, Morocco.",2023-09-03 09:28:44,34.6051,-2.2179,17.600000000000023,93,100,1.91,2023-09-03 06:43:12,2023-09-03 19:34:00
177,Biougra,"MA, Morocco.",2023-09-03 09:28:47,30.2155,-9.3685,19.560000000000002,94,40,0.0,2023-09-03 07:15:20,2023-09-03 19:59:02
178,Tan-Tan,"MA, Morocco.",2023-09-03 09:28:50,28.4376,-11.0987,20.950000000000045,88,75,4.63,2023-09-03 07:23:36,2023-09-03 20:04:38
179,Bhalil,"MA, Morocco.",2023-09-03 09:28:52,33.8522,-4.8702,16.75,82,40,3.6,2023-09-03 06:54:27,2023-09-03 19:43:57
180,Tinejdad,"MA, Morocco.",2023-09-03 09:28:56,31.5102,-5.0338,22.03000000000003,40,100,3.13,2023-09-03 06:57:00,2023-09-03 19:42:43
181,Bradia,"MA, Morocco.",2023-09-03 09:28:58,32.4207,-6.5072,18.400000000000034,77,40,3.6,2023-09-03 07:02:10,2023-09-03 19:49:20
182,Driouch,"MA, Morocco.",2023-09-03 09:29:01,34.9769,-3.391,21.160000000000025,81,100,0.44,2023-09-03 06:47:34,2023-09-03 19:39:00
183,Tamallalt,"MA, Morocco.",2023-09-03 09:29:03,31.8241,-7.5284,18.470000000000027,75,100,2.77,2023-09-03 07:06:44,2023-09-03 19:52:56
184,Drargua,"MA, Morocco.",2023-09-03 09:29:06,30.382,-9.4764,20.180000000000007,94,40,0.0,2023-09-03 07:15:39,2023-09-03 19:59:36
185,Tit Mellil,"MA, Morocco.",2023-09-03 09:29:08,33.5514,-7.4836,20.430000000000007,83,40,1.03,2023-09-03 07:05:09,2023-09-03 19:54:09
186,Lagouira,"MA, Morocco.",2023-09-03 09:29:12,29.23,-10.2284,20.460000000000036,81,100,4.54,2023-09-03 07:19:32,2023-09-03 20:01:44
187,Sebt Jahjouh,"MA, Morocco.",2023-09-03 09:29:29,33.7165,-5.6728,16.970000000000027,57,91,1.87,2023-09-03 06:57:46,2023-09-03 19:47:03
188,Aït Daoud,"MA, Morocco.",2023-09-03 09:29:32,31.0805,-9.3513,14.210000000000036,78,30,1.52,2023-09-03 07:14:36,2023-09-03 19:59:38
189,Témara,"MA, Morocco.",2023-09-03 09:29:35,33.9172,-6.9238,20.689999999999998,67,57,4.48,2023-09-03 07:02:36,2023-09-03 19:52:13
190,Sidi Bennour,"MA, Morocco.",2023-09-03 09:29:37,32.6508,-8.4242,19.730000000000018,68,25,3.36,2023-09-03 07:09:39,2023-09-03 19:57:11
191,Bni Chiker,"ES, Morocco.",2023-09-03 09:29:40,35.2772,-3.0137,20.0,94,75,3.09,2023-09-03 06:45:48,2023-09-03 19:37:45
192,Marrakech,"MA, Morocco.",2023-09-03 09:29:43,31.6258,-7.9892,17.970000000000027,88,75,3.09,2023-09-03 07:08:44,2023-09-03 19:54:37
193,Oulad Saïd,"MA, Morocco.",2023-09-03 09:29:46,32.9676,-7.8133,19.120000000000005,66,55,3.84,2023-09-03 07:06:57,2023-09-03 19:55:00
194,Dar Gueddari,"MA, Morocco.",2023-09-03 09:29:48,34.4208,-6.0942,21.24000000000001,72,72,3.93,2023-09-03 06:58:52,2023-09-03 19:49:20
195,El Ksiba,"MA, Morocco.",2023-09-03 09:29:51,32.5689,-6.0341,14.850000000000023,72,100,0.94,2023-09-03 07:00:09,2023-09-03 19:47:34
196,El Menzel,"MA, Morocco.",2023-09-03 09:29:53,33.8367,-4.5484,17.230000000000018,63,95,0.25,2023-09-03 06:53:10,2023-09-03 19:42:40
197,Thar Es Souk,"MA, Morocco.",2023-09-03 09:29:56,34.6521,-4.2786,20.510000000000048,61,87,1.59,2023-09-03 06:51:24,2023-09-03 19:42:16
198,Talmest,"MA, Morocco.",2023-09-03 09:29:58,31.8185,-9.3437,19.79000000000002,72,38,2.35,2023-09-03 07:14:00,2023-09-03 20:00:11
199,Guisser,"MA, Morocco.",2023-09-03 09:30:01,32.7642,-7.4943,19.560000000000002,55,88,3.79,2023-09-03 07:05:50,2023-09-03 19:53:33
200,Sidi Yahya El Gharb,"MA, Morocco.",2023-09-03 09:30:05,34.3085,-6.294,22.430000000000007,65,73,3.92,2023-09-03 06:59:46,2023-09-03 19:50:02
201,Bejaad,"MA, Morocco.",2023-09-03 09:30:09,32.7698,-6.395,16.890000000000043,67,100,3.79,2023-09-03 07:01:26,2023-09-03 19:49:10
202,Lalla Takarkoust,"MA, Morocco.",2023-09-03 09:30:13,31.3585,-8.1314,16.970000000000027,77,99,2.75,2023-09-03 07:09:30,2023-09-03 19:54:59
203,Tameslouht,"MA, Morocco.",2023-09-03 09:30:16,31.4951,-8.0984,17.379999999999995,88,75,3.09,2023-09-03 07:09:16,2023-09-03 19:54:57
204,El Kbab,"MA, Morocco.",2023-09-03 09:30:19,32.7414,-5.5207,16.28000000000003,61,100,1.31,2023-09-03 06:57:58,2023-09-03 19:45:39
205,Taza,"MA, Morocco.",2023-09-03 09:30:22,34.2302,-4.0101,19.010000000000048,70,100,2.1,2023-09-03 06:50:41,2023-09-03 19:40:50
206,M'Rirt,"MA, Morocco.",2023-09-03 09:30:24,33.1638,-5.5654,17.260000000000048,62,100,2.88,2023-09-03 06:57:48,2023-09-03 19:46:10
207,Sefrou,"MA, Morocco.",2023-09-03 09:30:27,33.8249,-4.8333,17.390000000000043,82,40,3.6,2023-09-03 06:54:19,2023-09-03 19:43:47
208,Al Aaroui,"MA, Morocco.",2023-09-03 09:30:30,35.0102,-3.0123,20.120000000000005,88,75,3.09,2023-09-03 06:46:02,2023-09-03 19:37:31
209,Aguelmous,"MA, Morocco.",2023-09-03 09:30:33,33.1311,-5.8363,16.650000000000034,67,99,2.91,2023-09-03 06:58:54,2023-09-03 19:47:13
210,Boulanouare,"MA, Morocco.",2023-09-03 09:30:35,32.8569,-6.879,17.629999999999995,69,100,3.83,2023-09-03 07:03:18,2023-09-03 19:51:10
211,Ghmate,"MA, Morocco.",2023-09-03 09:30:38,31.4214,-7.8047,16.08000000000004,72,100,2.72,2023-09-03 07:08:09,2023-09-03 19:53:43
212,Berkane,"MA, Morocco.",2023-09-03 09:30:40,34.9267,-2.3294,20.950000000000045,90,100,2.2,2023-09-03 06:43:22,2023-09-03 19:34:43
213,Imintanoute,"MA, Morocco.",2023-09-03 09:30:43,31.1735,-8.8518,17.439999999999998,67,84,2.17,2023-09-03 07:12:32,2023-09-03 19:57:43
214,Agouraï,"MA, Morocco.",2023-09-03 09:30:47,33.6438,-5.5899,16.060000000000002,53,86,2.83,2023-09-03 06:57:30,2023-09-03 19:46:40
215,Bni Ansar,"ES, Morocco.",2023-09-03 09:30:49,35.2597,-2.9336,21.150000000000034,94,75,3.09,2023-09-03 06:45:30,2023-09-03 19:37:25
216,Bni Bouayach,"MA, Morocco.",2023-09-03 09:30:52,35.1022,-3.841,22.310000000000002,60,75,2.57,2023-09-03 06:49:16,2023-09-03 19:40:54
217,Dar Ould Zidouh,"MA, Morocco.",2023-09-03 09:30:55,32.3401,-6.8989,20.220000000000027,69,100,3.15,2023-09-03 07:03:48,2023-09-03 19:50:50
218,Deroua,"MA, Morocco.",2023-09-03 09:30:57,33.3718,-7.5358,19.980000000000018,94,40,5.14,2023-09-03 07:05:31,2023-09-03 19:54:13
219,Kassita,"MA, Morocco.",2023-09-03 09:31:00,34.8909,-3.7293,18.390000000000043,83,100,0.94,2023-09-03 06:49:00,2023-09-03 19:40:16
220,Toulal,"MA, Morocco.",2023-09-03 09:31:03,33.8933,-5.5956,18.430000000000007,82,75,1.03,2023-09-03 06:57:19,2023-09-03 19:46:53
221,Bni Tadjite,"MA, Morocco.",2023-09-03 09:31:06,32.2898,-3.4666,20.28000000000003,51,100,4.17,2023-09-03 06:50:06,2023-09-03 19:37:04
222,Aghbala,"MA, Morocco.",2023-09-03 09:31:09,32.4806,-5.643,14.020000000000039,63,100,0.64,2023-09-03 06:58:40,2023-09-03 19:45:55
223,Guigou,"MA, Morocco.",2023-09-03 09:31:12,33.3845,-4.8333,15.430000000000007,57,99,0.24,2023-09-03 06:54:41,2023-09-03 19:43:25
224,Sidi Kacem,"MA, Morocco.",2023-09-03 09:31:15,34.2264,-5.7114,21.25,60,73,3.4,2023-09-03 06:57:30,2023-09-03 19:47:38
225,Akka,"MA, Morocco.",2023-09-03 09:31:23,29.3919,-8.2568,25.650000000000034,26,93,3.57,2023-09-03 07:11:31,2023-09-03 19:53:58
226,Moulay Bouazza,"MA, Morocco.",2023-09-03 09:31:25,33.2245,-6.1979,18.25,63,98,3.67,2023-09-03 07:00:17,2023-09-03 19:48:45
227,Ras El Aïn,"MA, Morocco.",2023-09-03 09:31:28,31.8023,-7.5775,17.350000000000023,67,100,3.0,2023-09-03 07:06:56,2023-09-03 19:53:07
228,Karia Ba Mohamed,"MA, Morocco.",2023-09-03 09:31:46,34.3641,-5.2146,23.939999999999998,55,96,1.51,2023-09-03 06:55:24,2023-09-03 19:45:46
229,Sidi Taïbi,"MA, Morocco.",2023-09-03 09:31:49,34.1917,-6.6845,20.410000000000025,100,40,5.66,2023-09-03 07:01:25,2023-09-03 19:51:30
230,Aïn Bni Mathar,"MA, Morocco.",2023-09-03 09:31:52,33.9523,-2.0199,18.260000000000048,75,100,3.61,2023-09-03 06:42:57,2023-09-03 19:32:39
231,Zaouïat Bougrine,"MA, Morocco.",2023-09-03 09:31:56,33.855,-4.4887,16.260000000000048,59,92,1.3,2023-09-03 06:52:55,2023-09-03 19:42:26
232,Tamassint,"MA, Morocco.",2023-09-03 09:31:58,35.0734,-3.9614,21.220000000000027,60,75,2.57,2023-09-03 06:49:46,2023-09-03 19:41:22
233,Jamaat Shaim,"MA, Morocco.",2023-09-03 09:32:01,32.3495,-8.8412,21.629999999999995,60,11,4.49,2023-09-03 07:11:34,2023-09-03 19:58:36
234,Ouarzazate,"MA, Morocco.",2023-09-03 09:32:06,30.9202,-6.9109,22.02000000000004,26,40,5.14,2023-09-03 07:04:58,2023-09-03 19:49:46
235,Timahdite,"MA, Morocco.",2023-09-03 09:32:09,33.2383,-5.0609,13.150000000000034,58,100,0.59,2023-09-03 06:55:43,2023-09-03 19:44:13
236,Aïn Taoujdate,"MA, Morocco.",2023-09-03 09:32:11,33.9403,-5.2081,19.720000000000027,49,78,1.68,2023-09-03 06:55:43,2023-09-03 19:45:23
237,El Hanchane,"MA, Morocco.",2023-09-03 09:32:14,31.5241,-9.4354,19.870000000000005,63,51,2.76,2023-09-03 07:14:36,2023-09-03 20:00:19
238,Dar El Kebdani,"MA, Morocco.",2023-09-03 09:32:17,35.1212,-3.3321,21.02000000000004,80,100,0.26,2023-09-03 06:47:13,2023-09-03 19:38:53
239,Khénichet,"MA, Morocco.",2023-09-03 09:32:20,34.4141,-5.6733,23.189999999999998,62,73,3.57,2023-09-03 06:57:11,2023-09-03 19:47:38
240,Tanger,"MA, Morocco.",2023-09-03 09:32:23,35.7771,-5.8038,22.850000000000023,100,75,4.12,2023-09-03 06:56:32,2023-09-03 19:49:20
241,Sidi Smaïl,"MA, Morocco.",2023-09-03 09:32:25,32.8273,-8.5137,21.55000000000001,60,26,4.38,2023-09-03 07:09:52,2023-09-03 19:57:41
242,Mechra Bel Ksiri,"MA, Morocco.",2023-09-03 09:32:28,34.5734,-5.9566,23.170000000000016,63,82,3.7,2023-09-03 06:58:11,2023-09-03 19:48:54
243,Assilah,"MA, Morocco.",2023-09-03 09:32:31,35.4619,-6.0365,18.939999999999998,73,49,4.26,2023-09-03 06:57:45,2023-09-03 19:49:59
244,Tétouan,"MA, Morocco.",2023-09-03 09:32:33,35.5702,-5.3743,22.439999999999998,68,75,1.03,2023-09-03 06:55:00,2023-09-03 19:47:26
245,Tidass,"MA, Morocco.",2023-09-03 09:32:36,29.8352,-8.6278,14.520000000000039,52,84,5.38,2023-09-03 07:12:40,2023-09-03 19:55:47
246,Tafraout,"MA, Morocco.",2023-09-03 09:32:39,29.7205,-8.9745,16.939999999999998,67,100,4.45,2023-09-03 07:14:08,2023-09-03 19:57:05
247,Jorf,"MA, Morocco.",2023-09-03 09:32:42,31.4949,-4.4049,24.090000000000032,38,100,5.36,2023-09-03 06:54:29,2023-09-03 19:40:12
248,Aït Iaaza,"MA, Morocco.",2023-09-03 09:32:45,30.5064,-8.7912,21.220000000000027,72,100,4.99,2023-09-03 07:12:48,2023-09-03 19:56:57
249,Tiznit,"MA, Morocco.",2023-09-03 09:32:48,29.6986,-9.7313,20.170000000000016,72,100,4.34,2023-09-03 07:17:11,2023-09-03 20:00:06
250,Azemmour,"MA, Morocco.",2023-09-03 09:32:53,33.2881,-8.3432,21.720000000000027,65,31,4.7,2023-09-03 07:08:49,2023-09-03 19:57:22
251,Sidi Bouzid,"MA, Morocco.",2023-09-03 09:32:56,33.2311,-8.5509,21.439999999999998,67,29,4.81,2023-09-03 07:09:41,2023-09-03 19:58:09
252,Echemmaia,"MA, Morocco.",2023-09-03 09:32:59,32.0699,-8.6507,20.480000000000018,56,32,4.54,2023-09-03 07:11:01,2023-09-03 19:57:37
253,Lalla Mimouna,"MA, Morocco.",2023-09-03 09:33:01,34.8489,-6.0692,22.870000000000005,63,66,4.05,2023-09-03 06:58:24,2023-09-03 19:49:35
254,Figuig,"MA, Morocco.",2023-09-03 09:33:04,32.115,-1.2304,29.28000000000003,12,100,5.4,2023-09-03 06:41:18,2023-09-03 19:28:00
255,Tiflet,"MA, Morocco.",2023-09-03 09:33:07,33.894,-6.3167,18.32000000000005,67,93,3.58,2023-09-03 07:00:12,2023-09-03 19:49:46
256,Saïdia,"MA, Morocco.",2023-09-03 09:33:10,35.0822,-2.2246,21.900000000000034,90,100,2.79,2023-09-03 06:42:49,2023-09-03 19:34:26
257,Dcheïra El Jihadia,"MA, Morocco.",2023-09-03 09:33:13,30.3753,-9.5285,20.30000000000001,94,40,0.0,2023-09-03 07:15:52,2023-09-03 19:59:48
258,Errachidia,"MA, Morocco.",2023-09-03 09:33:15,31.9291,-4.4341,22.010000000000048,33,0,6.17,2023-09-03 06:54:16,2023-09-03 19:40:39
259,Tamanar,"MA, Morocco.",2023-09-03 09:33:19,31.0031,-9.6782,19.58000000000004,65,48,2.15,2023-09-03 07:15:58,2023-09-03 20:00:53
260,Imzouren,"MA, Morocco.",2023-09-03 09:33:22,35.1463,-3.8497,22.600000000000023,60,75,2.57,2023-09-03 06:49:16,2023-09-03 19:40:59
261,Larache,"MA, Morocco.",2023-09-03 09:33:26,35.1952,-6.1529,21.670000000000016,72,54,4.88,2023-09-03 06:58:26,2023-09-03 19:50:13
262,Zoumi,"MA, Morocco.",2023-09-03 09:33:29,34.7977,-5.3494,22.210000000000036,57,99,2.57,2023-09-03 06:55:34,2023-09-03 19:46:40
263,Aknoul,"MA, Morocco.",2023-09-03 09:33:32,34.656,-3.8653,15.760000000000048,78,100,0.6,2023-09-03 06:49:45,2023-09-03 19:40:37
264,Ouislane,"MA, Morocco.",2023-09-03 09:33:35,33.9107,-5.4866,19.310000000000002,82,75,1.03,2023-09-03 06:56:52,2023-09-03 19:46:28
265,Oulad H'Riz Sahel,"MA, Morocco.",2023-09-03 09:33:38,33.3479,-7.8571,20.120000000000005,61,22,3.95,2023-09-03 07:06:49,2023-09-03 19:55:29
266,Jorf El Melha,"MA, Morocco.",2023-09-03 09:33:40,34.4918,-5.5054,23.02000000000004,62,70,3.39,2023-09-03 06:56:27,2023-09-03 19:47:02
267,Aïn El Aouda,"MA, Morocco.",2023-09-03 09:33:43,33.8031,-6.7941,19.620000000000005,62,60,4.04,2023-09-03 07:02:11,2023-09-03 19:51:36
268,Oulad M'Barek,"MA, Morocco.",2023-09-03 09:33:46,32.2818,-6.4511,18.08000000000004,77,40,3.6,2023-09-03 07:02:03,2023-09-03 19:49:00
269,Martil,"MA, Morocco.",2023-09-03 09:33:49,35.6174,-5.2742,22.980000000000018,68,75,1.03,2023-09-03 06:54:33,2023-09-03 19:47:05
270,Ribate El Kheïr,"MA, Morocco.",2023-09-03 09:33:52,33.8155,-4.4069,17.710000000000036,62,96,1.23,2023-09-03 06:52:37,2023-09-03 19:42:05
271,Moqrisset,"MA, Morocco.",2023-09-03 09:33:54,34.9235,-5.3492,21.180000000000007,57,95,2.44,2023-09-03 06:55:27,2023-09-03 19:46:47
272,Loulad,"MA, Morocco.",2023-09-03 09:33:57,32.992,-7.1286,18.100000000000023,61,94,3.94,2023-09-03 07:04:11,2023-09-03 19:52:17
273,Oulad Mrah,"MA, Morocco.",2023-09-03 09:34:15,32.3403,-6.6876,18.640000000000043,70,100,3.5,2023-09-03 07:02:57,2023-09-03 19:49:59
274,Brikcha,"MA, Morocco.",2023-09-03 09:34:18,34.9652,-5.5661,22.450000000000045,61,84,2.48,2023-09-03 06:56:17,2023-09-03 19:47:41
275,Bouanane,"DZ, Morocco.",2023-09-03 09:34:20,32.0392,-3.0493,24.04000000000002,44,100,3.56,2023-09-03 06:48:38,2023-09-03 19:35:12
276,Oued Laou,"MA, Morocco.",2023-09-03 09:34:24,35.4505,-5.093,22.980000000000018,70,96,1.16,2023-09-03 06:53:59,2023-09-03 19:46:12
277,Agdz,"MA, Morocco.",2023-09-03 09:34:26,30.6943,-6.4489,22.77000000000004,38,100,0.36,2023-09-03 07:03:17,2023-09-03 19:47:44
278,Sidi Lyamani,"MA, Morocco.",2023-09-03 09:34:29,35.3682,-5.9728,17.900000000000034,69,59,4.11,2023-09-03 06:57:34,2023-09-03 19:49:39
279,Itzer,"MA, Morocco.",2023-09-03 09:34:33,32.8791,-5.0541,14.25,57,100,0.52,2023-09-03 06:55:59,2023-09-03 19:43:54
280,Guercif,"MA, Morocco.",2023-09-03 09:34:36,34.2256,-3.3523,19.54000000000002,76,100,1.25,2023-09-03 06:48:03,2023-09-03 19:38:12
281,Aït Ourir,"MA, Morocco.",2023-09-03 09:34:39,31.5639,-7.6623,16.660000000000025,73,100,3.04,2023-09-03 07:07:28,2023-09-03 19:53:16
282,Oulad Frej,"MA, Morocco.",2023-09-03 09:34:41,32.9542,-8.2199,21.57000000000005,61,35,4.23,2023-09-03 07:08:35,2023-09-03 19:56:36
283,Sidi Addi,"MA, Morocco.",2023-09-03 09:34:44,33.396,-5.3327,17.980000000000018,58,97,2.75,2023-09-03 06:56:40,2023-09-03 19:45:26
284,Aïn Jemaa,"MA, Morocco.",2023-09-03 09:34:46,34.0261,-5.7936,19.25,62,81,3.16,2023-09-03 06:58:00,2023-09-03 19:47:48
285,Khémis Sahel,"MA, Morocco.",2023-09-03 09:34:49,35.2554,-6.0802,21.010000000000048,70,62,4.79,2023-09-03 06:58:06,2023-09-03 19:49:59
286,El Jadida,"MA, Morocco.",2023-09-03 09:34:54,33.2337,-8.5004,21.470000000000027,66,34,4.89,2023-09-03 07:09:29,2023-09-03 19:57:57
287,Aghbalou,"MA, Morocco.",2023-09-03 09:34:57,31.3112,-7.7437,13.960000000000036,71,100,2.01,2023-09-03 07:08:00,2023-09-03 19:53:24
288,Taghjijt,"MA, Morocco.",2023-09-03 09:35:00,29.0607,-9.4233,20.54000000000002,57,94,9.39,2023-09-03 07:16:26,2023-09-03 19:58:23
289,Bni Drar,"MA, Morocco.",2023-09-03 09:35:02,34.8595,-1.9917,19.0,100,100,1.93,2023-09-03 06:42:05,2023-09-03 19:33:18
290,Sidi Rahhal,"MA, Morocco.",2023-09-03 09:35:05,31.6534,-7.476,18.610000000000014,74,100,2.77,2023-09-03 07:06:39,2023-09-03 19:52:35
291,Moulay Ali Chérif,"MA, Morocco.",2023-09-03 09:35:08,31.2847,-4.267,25.27000000000004,35,100,4.67,2023-09-03 06:54:06,2023-09-03 19:39:29
292,Er-Rich,"MA, Morocco.",2023-09-03 09:35:10,32.2568,-4.4982,20.150000000000034,50,100,1.67,2023-09-03 06:54:15,2023-09-03 19:41:10
293,Chefchaouen,"MA, Morocco.",2023-09-03 09:35:13,35.1701,-5.2767,19.53000000000003,55,93,1.92,2023-09-03 06:54:57,2023-09-03 19:46:42
294,Mohammédia,"MA, Morocco.",2023-09-03 09:35:15,33.6958,-7.3893,21.189999999999998,88,40,4.12,2023-09-03 07:04:39,2023-09-03 19:53:54
295,Had Kourt,"MA, Morocco.",2023-09-03 09:35:18,34.6151,-5.736,22.360000000000014,62,79,3.79,2023-09-03 06:57:16,2023-09-03 19:48:04
296,Skoura,"MA, Morocco.",2023-09-03 09:35:21,31.0604,-6.5576,21.49000000000001,35,86,2.57,2023-09-03 07:03:27,2023-09-03 19:48:27
297,El Ouatia,"MA, Morocco.",2023-09-03 09:35:23,28.4979,-11.3321,21.170000000000016,88,75,4.63,2023-09-03 07:24:29,2023-09-03 20:05:36
298,Taounate,"MA, Morocco.",2023-09-03 09:35:26,34.5385,-4.636,21.610000000000014,49,69,1.69,2023-09-03 06:52:56,2023-09-03 19:43:36
299,Gourrama,"MA, Morocco.",2023-09-03 09:35:31,32.3414,-4.0738,18.120000000000005,53,100,2.45,2023-09-03 06:52:29,2023-09-03 19:39:33
300,Aït Boubidmane,"MA, Morocco.",2023-09-03 09:35:35,33.8167,-5.2749,17.860000000000014,48,88,2.75,2023-09-03 06:56:06,2023-09-03 19:45:33
301,M'Diq,"MA, Morocco.",2023-09-03 09:35:38,35.6834,-5.3232,22.900000000000034,68,75,1.03,2023-09-03 06:54:42,2023-09-03 19:47:20
302,Sidi Boubker,"MA, Morocco.",2023-09-03 09:35:41,31.8491,-7.748,17.340000000000032,63,100,3.04,2023-09-03 07:07:35,2023-09-03 19:53:50
303,Khénifra,"MA, Morocco.",2023-09-03 09:35:43,32.9358,-5.6697,18.54000000000002,66,100,1.75,2023-09-03 06:58:24,2023-09-03 19:46:24
304,Midelt,"MA, Morocco.",2023-09-03 09:35:46,32.6803,-4.7399,15.75,59,100,1.17,2023-09-03 06:54:53,2023-09-03 19:42:29
305,Azilal,"MA, Morocco.",2023-09-03 09:35:48,31.9593,-6.571,15.330000000000041,71,100,2.03,2023-09-03 07:02:47,2023-09-03 19:49:13
306,Bab Berred,"MA, Morocco.",2023-09-03 09:35:51,34.9989,-4.8903,18.310000000000002,46,100,1.63,2023-09-03 06:53:33,2023-09-03 19:45:00
307,Zirara,"MA, Morocco.",2023-09-03 09:35:58,34.2417,-5.7429,21.33000000000004,61,73,3.63,2023-09-03 06:57:37,2023-09-03 19:47:46
308,Midar,"MA, Morocco.",2023-09-03 09:36:00,34.9399,-3.5343,20.58000000000004,81,100,0.68,2023-09-03 06:48:11,2023-09-03 19:39:32
309,Oujda,"MA, Morocco.",2023-09-03 09:35:54,34.6779,-1.9293,18.350000000000023,100,100,1.37,2023-09-03 06:41:59,2023-09-03 19:32:54
310,Bouskoura,"MA, Morocco.",2023-09-03 09:36:05,33.4564,-7.6507,20.430000000000007,86,40,5.14,2023-09-03 07:05:54,2023-09-03 19:54:45
311,Talsint,"MA, Morocco.",2023-09-03 09:36:08,32.5355,-3.4395,17.970000000000027,56,100,3.3,2023-09-03 06:49:48,2023-09-03 19:37:10
312,Oulmès,"MA, Morocco.",2023-09-03 09:36:10,33.4255,-6.0045,17.170000000000016,61,89,3.83,2023-09-03 06:59:20,2023-09-03 19:48:08
313,Aoufous,"MA, Morocco.",2023-09-03 09:36:13,31.6878,-4.1785,22.910000000000025,41,100,5.19,2023-09-03 06:53:26,2023-09-03 19:39:26
314,Jebha,"MA, Morocco.",2023-09-03 09:36:16,35.0803,-4.5503,18.350000000000023,61,99,2.31,2023-09-03 06:52:08,2023-09-03 19:43:43
315,Ihaddaden,"MA, Morocco.",2023-09-03 09:36:18,35.1618,-2.9621,21.010000000000048,94,75,3.09,2023-09-03 06:45:42,2023-09-03 19:37:26
316,Ouazzane,"MA, Morocco.",2023-09-03 09:36:20,34.7968,-5.5785,21.910000000000025,62,92,3.25,2023-09-03 06:56:29,2023-09-03 19:47:35
317,Sidi Ali Ben Hamdouche,"MA, Morocco.",2023-09-03 09:36:21,33.2862,-8.3264,21.710000000000036,64,31,4.68,2023-09-03 07:08:45,2023-09-03 19:57:18
318,Tarcha,"MA, Morocco.",2023-09-03 09:36:22,34.9026,-2.2212,19.950000000000045,90,100,2.21,2023-09-03 06:42:57,2023-09-03 19:34:15
319,Kourouna,"MA, Morocco.",2023-09-03 09:36:24,35.1211,-3.6433,21.120000000000005,60,75,2.57,2023-09-03 06:48:28,2023-09-03 19:40:08
320,Ouled Yaïch,"MA, Morocco.",2023-09-03 09:36:25,32.4269,-6.3545,18.03000000000003,77,40,3.6,2023-09-03 07:01:33,2023-09-03 19:48:44
321,Kaf Nsour,"MA, Morocco.",2023-09-03 09:36:26,32.915,-5.9637,18.77000000000004,67,100,2.28,2023-09-03 06:59:35,2023-09-03 19:47:33
322,Boujdour,"MA, Morocco.",2023-09-03 09:36:28,26.1263,-14.4837,21.920000000000016,88,30,2.81,2023-09-03 07:38:48,2023-09-03 20:16:30
323,Kettara,"MA, Morocco.",2023-09-03 09:36:29,31.8669,-8.183,18.110000000000014,58,87,4.35,2023-09-03 07:09:19,2023-09-03 19:55:35
324,Smara,"EH, Morocco.",2023-09-03 09:36:30,26.7436,-11.6645,21.55000000000001,74,94,4.54,2023-09-03 07:27:05,2023-09-03 20:05:40
325,Ouled Teïma,"MA, Morocco.",2023-09-03 09:36:33,30.3927,-9.2133,19.58000000000004,61,100,4.55,2023-09-03 07:14:35,2023-09-03 19:58:33
326,Sidi Chiker,"MA, Morocco.",2023-09-03 09:36:35,31.8229,-8.6134,21.160000000000025,56,73,4.51,2023-09-03 07:11:04,2023-09-03 19:57:16
327,Kridid,"MA, Morocco.",2023-09-03 09:36:36,32.4956,-8.602,21.30000000000001,60,16,4.37,2023-09-03 07:10:29,2023-09-03 19:57:46
328,Bni Bouifrour,"MA, Morocco.",2023-09-03 09:36:38,35.1536,-2.9861,20.810000000000002,94,75,3.09,2023-09-03 06:45:48,2023-09-03 19:37:32
329,bir Jdid,"MA, Morocco.",2023-09-03 09:36:39,33.3738,-7.998,20.600000000000023,63,29,4.52,2023-09-03 07:07:21,2023-09-03 19:56:04
330,Bni Karrich,"MA, Morocco.",2023-09-03 09:36:40,35.5234,-5.4171,21.189999999999998,68,75,1.03,2023-09-03 06:55:13,2023-09-03 19:47:34
331,Sidi Zouine,"MA, Morocco.",2023-09-03 09:36:41,31.6682,-8.3461,18.730000000000018,62,89,4.1,2023-09-03 07:10:07,2023-09-03 19:56:05
332,Ain Leuh,"MA, Morocco.",2023-09-03 09:36:43,33.2921,-5.3384,15.54000000000002,59,99,2.43,2023-09-03 06:56:47,2023-09-03 19:45:22
333,Bouarg,"MA, Morocco.",2023-09-03 09:36:44,35.1303,-2.9294,21.160000000000025,94,75,3.09,2023-09-03 06:45:36,2023-09-03 19:37:17
334,Skhour Rhamna,"MA, Morocco.",2023-09-03 09:36:45,32.4699,-7.9581,19.980000000000018,50,46,4.68,2023-09-03 07:07:56,2023-09-03 19:55:10
335,My Brahim,"MA, Morocco.",2023-09-03 09:36:47,31.2858,-7.9655,13.050000000000011,78,100,2.27,2023-09-03 07:08:54,2023-09-03 19:54:16
336,Fkih Ben Salah,"MA, Morocco.",2023-09-03 09:36:48,32.5045,-6.686,18.390000000000043,66,100,4.01,2023-09-03 07:02:49,2023-09-03 19:50:07
337,Sidi Rahal Chatai,"MA, Morocco.",2023-09-03 09:36:50,33.4716,-7.957,21.170000000000016,64,20,4.62,2023-09-03 07:07:07,2023-09-03 19:55:59
338,Sebt Guerdane,"MA, Morocco.",2023-09-03 09:36:51,30.3765,-9.0208,19.230000000000018,65,100,5.52,2023-09-03 07:13:50,2023-09-03 19:57:46
339,Sidi Hajjaj,"MA, Morocco.",2023-09-03 09:36:52,32.92,-7.3637,18.83000000000004,56,77,3.93,2023-09-03 07:05:11,2023-09-03 19:53:09
340,Tafersit,"MA, Morocco.",2023-09-03 09:36:53,35.0066,-3.5404,19.980000000000018,79,100,0.83,2023-09-03 06:48:09,2023-09-03 19:39:37
341,Haj Kadour,"MA, Morocco.",2023-09-03 09:36:55,33.8284,-5.4234,18.57000000000005,82,75,1.03,2023-09-03 06:56:41,2023-09-03 19:46:09
342,Moulay Idriss Zerhoun,"MA, Morocco.",2023-09-03 09:36:56,34.0552,-5.5255,18.420000000000016,82,75,1.03,2023-09-03 06:56:54,2023-09-03 19:46:45
